1.00E-11,54.976
1.10E-11,52.3566
1.22E-11,49.8631
1.34E-11,47.4895
1.48E-11,45.2306
1.48E-11,45.2231
1.63E-11,43.083
1.64E-11,43.0325
1.80E-11,41.0409
1.81E-11,40.9199
1.99E-11,39.0938
2.00E-11,38.9496
2.19E-11,37.2384
2.21E-11,37.1072
2.42E-11,35.4731
2.43E-11,35.3482
2.67E-11,33.7932
2.68E-11,33.6743
2.94E-11,32.1999
2.97E-11,32.0047
3.24E-11,30.6777
3.28E-11,30.4926
3.58E-11,29.2299
3.62E-11,29.0538
3.95E-11,27.8524
3.99E-11,27.6849
4.35E-11,26.5419
4.40E-11,26.3825
4.80E-11,25.2952
4.86E-11,25.1436
5.30E-11,24.1093
5.36E-11,23.9651
5.84E-11,22.9814
5.91E-11,22.8442
6.44E-11,21.9087
6.52E-11,21.7783
7.11E-11,20.8887
7.19E-11,20.7647
7.84E-11,19.9189
7.93E-11,19.801
8.65E-11,18.997
8.75E-11,18.8849
9.54E-11,18.1207
9.65E-11,18.0141
1.05E-10,17.288
1.06E-10,17.1867
1.16E-10,16.4987
1.18E-10,16.372
1.28E-10,15.7478
1.30E-10,15.6088
1.41E-10,15.0367
1.45E-10,14.8529
1.56E-10,14.3605
1.61E-10,14.1376
1.72E-10,13.718
1.79E-10,13.4616
1.90E-10,13.1079
1.98E-10,12.8223
2.09E-10,12.5286
2.20E-10,12.2183
2.31E-10,11.9791
2.45E-10,11.6426
2.54E-10,11.4575
2.72E-10,11.1016
2.81E-10,10.963
3.03E-10,10.5941
3.09E-10,10.4946
3.36E-10,10.1158
3.41E-10,10.0512
3.75E-10,9.65118
3.77E-10,9.63029
4.15E-10,9.2354
4.18E-10,9.2125
4.58E-10,8.86405
4.64E-10,8.815
5.05E-10,8.51346
5.16E-10,8.43807
5.57E-10,8.18327
5.76E-10,8.06955
6.15E-10,7.87065
6.42E-10,7.73106
6.78E-10,7.57631
7.18E-10,7.40645
7.48E-10,7.29843
8.03E-10,7.10244
8.25E-10,7.03672
9.01E-10,6.81179
9.10E-10,6.78957
1.00E-09,6.55967
1.01E-09,6.5498
1.11E-09,6.34785
1.13E-09,6.30697
1.22E-09,6.15004
1.27E-09,6.06882
1.35E-09,5.96356
1.43E-09,5.85248
1.49E-09,5.78899
1.61E-09,5.64742
1.64E-09,5.6248
1.81E-09,5.4737
1.82E-09,5.46132
1.99E-09,5.33751
2.07E-09,5.28555
2.20E-09,5.2099
2.36E-09,5.11838
2.43E-09,5.0892
2.68E-09,4.97803
2.70E-09,4.96643
2.95E-09,4.88032
3.11E-09,4.82776
3.26E-09,4.78776
3.59E-09,4.69934
3.60E-09,4.69813
3.96E-09,4.62586
4.20E-09,4.57965
4.37E-09,4.55421
4.82E-09,4.48856
4.93E-09,4.4727
5.32E-09,4.43198
5.87E-09,4.37447
5.87E-09,4.37369
6.47E-09,4.32995
7.10E-09,4.28407
7.14E-09,4.28205
7.87E-09,4.24555
8.68E-09,4.20529
8.69E-09,4.20474
9.58E-09,4.1761
1.06E-08,4.14411
1.09E-08,4.13393
1.17E-08,4.11833
1.29E-08,4.09415
1.40E-08,4.07109
1.42E-08,4.06898
1.56E-08,4.05183
1.73E-08,4.03291
1.87E-08,4.0164
1.90E-08,4.01398
2.10E-08,4.00122
2.32E-08,3.98714
2.52E-08,3.97355
2.53E-08,3.97345
2.53E-08,3.97324
2.79E-08,3.9648
3.08E-08,3.95549
3.40E-08,3.94521
3.75E-08,3.93389
4.13E-08,3.92871
4.56E-08,3.923
5.03E-08,3.9167
5.54E-08,3.90976
6.12E-08,3.9021
6.75E-08,3.8994
7.44E-08,3.89642
8.21E-08,3.89314
9.05E-08,3.88952
9.99E-08,3.88553
1.10E-07,3.88112
1.17E-07,3.87805
1.21E-07,3.8777
1.34E-07,3.87663
1.48E-07,3.87546
1.63E-07,3.87416
1.80E-07,3.87273
1.98E-07,3.87116
2.19E-07,3.86942
2.41E-07,3.86751
2.66E-07,3.8654
2.94E-07,3.86307
3.08E-07,3.86181
3.24E-07,3.86174
3.57E-07,3.86158
3.94E-07,3.86141
4.35E-07,3.86122
4.80E-07,3.86102
5.29E-07,3.86079
5.83E-07,3.86053
6.48E-07,3.86024
7.15E-07,3.85993
7.89E-07,3.85959
8.70E-07,3.85921
9.59E-07,3.8588
1.06E-06,3.85834
1.18E-06,3.8578
1.30E-06,3.85724
1.44E-06,3.85658
1.60E-06,3.85585
1.76E-06,3.85509
1.96E-06,3.85419
2.16E-06,3.85326
2.38E-06,3.85325
2.63E-06,3.85323
2.94E-06,3.85322
3.29E-06,3.8532
3.63E-06,3.85318
4.01E-06,3.85316
4.42E-06,3.85314
4.87E-06,3.85312
5.34E-06,3.85309
6.01E-06,3.85306
6.68E-06,3.85302
7.47E-06,3.85298
8.36E-06,3.85294
9.22E-06,3.85289
1.00E-05,3.85285
1.11E-05,3.85279
1.25E-05,3.85273
1.37E-05,3.85266
1.52E-05,3.85259
1.67E-05,3.85251
1.87E-05,3.85241
2.03E-05,3.85232
2.24E-05,3.85222
2.49E-05,3.85209
2.56E-05,3.85206
2.83E-05,3.85206
3.18E-05,3.85207
3.54E-05,3.85207
3.90E-05,3.85208
3.96E-05,3.85208
4.36E-05,3.85207
4.95E-05,3.85206
5.74E-05,3.85204
6.51E-05,3.85202
7.13E-05,3.85201
8.31E-05,3.85199
9.63E-05,3.85196
0.00010259,3.85195
0.000119684,3.85191
0.000140609,3.85187
0.000194068,3.85176
0.000212564,3.85172
0.000315447,3.85151
0.000401267,3.85133
0.000502091,3.85113
0.00069298,3.85074
0.000722726,3.85068
0.000879334,3.85035
0.00123077,3.84963
0.00143416,3.84922
0.00172066,3.84863
0.00201411,3.84803
0.00238284,3.84728
0.00285884,3.8463
0.00318459,3.84563
0.0037755,3.84442
0.00451707,3.8429
0.00505279,3.84181
0.00608617,3.83969
0.00720039,3.83741
0.00840007,3.83495
0.00998611,3.8317
0.0120291,3.82751
0.0143997,3.82266
0.0171961,3.81693
0.0201411,3.81089
0.0243745,3.80222
0.028955,3.79283
0.0345912,3.78128
0.0413665,3.7674
0.049187,3.75137
0.0590805,3.7311
0.07084,3.707
0.0833365,3.6814
0.100272,3.64669
0.11186,3.62294
0.123019,3.60393
0.159405,3.54194
0.182512,3.50257
0.215428,3.46285
0.227847,3.44786
0.23705,3.4429
0.25504,3.4332
0.255624,3.43289
0.26,3.43147
0.269431,3.43652
0.280404,3.44239
0.281975,3.44323
0.29112,3.4597
0.30113,3.47772
0.302116,3.4795
0.309687,3.50515
0.312187,3.51362
0.317564,3.54017
0.322257,3.56335
0.324,3.5746
0.33,3.61333
0.330424,3.61725
0.336144,3.67012
0.34,3.70575
0.34115,3.72111
0.345963,3.78538
0.35,3.83929
0.350434,3.8478
0.354724,3.93186
0.3583,4.00192
0.359945,4.03416
0.361864,4.09071
0.36544,4.19609
0.3683,4.28037
0.37,4.33047
0.37116,4.38374
0.37402,4.51507
0.37688,4.6464
0.37973,4.77727
0.38,4.78967
0.381874,4.92927
0.38402,5.08907
0.386164,5.24878
0.38831,5.40858
0.39,5.53445
0.390454,5.59173
0.3926,5.86222
0.39403,6.04249
0.396164,6.31156
0.397594,6.49183
0.39974,6.76232
0.4,6.7951
0.40117,7.01605
0.403314,7.42099
0.404744,7.69104
0.405,7.73931
0.406174,8.03066
0.407604,8.38542
0.40975,8.91773
0.41,8.97975
0.411894,9.58206
0.41403,10.2611
0.415,10.5695
0.416174,11.0189
0.42,12.4829
0.42261,13.5309
0.42404,14.105
0.425,14.4905
0.42547,14.6381
0.4269,15.0871
0.42833,15.5362
0.42976,15.9853
0.43,16.0606
0.43118,16.1773
0.43261,16.3187
0.43404,16.4601
0.435,16.555
0.43547,16.4806
0.4369,16.2541
0.43833,16.0277
0.43976,15.8012
0.439986,15.7653
0.44119,15.3665
0.44405,14.4187
0.445,14.1039
0.449044,12.5688
0.45,12.206
0.45119,11.7932
0.453334,11.0492
0.455,10.4714
0.45548,10.334
0.457624,9.72032
0.45977,9.10632
0.46,9.0405
0.461914,8.60794
0.463344,8.28485
0.465,7.91079
0.46548,7.82641
0.467624,7.44945
0.46977,7.0723
0.47,7.03188
0.471914,6.76983
0.47406,6.47616
0.475,6.3475
0.476204,6.2181
0.47835,5.98761
0.48,5.81036
0.480494,5.76819
0.483349,5.52471
0.485,5.38395
0.48549,5.35037
0.48835,5.15436
0.49,5.04127
0.490494,5.01369
0.493354,4.85412
0.495,4.76232
0.496215,4.7065
0.49836,4.60789
0.5,4.53252
0.51,4.1794
0.52,3.92365
0.53,3.73162
0.54,3.5827
0.55,3.46398
0.56,3.36727
0.57,3.28666
0.584091,3.19428
0.6,3.10825
0.624374,3.0074
0.644515,2.94038
0.669311,2.87354
0.7,2.80734
0.730047,2.76071
0.76,2.72913
0.78,2.72003
0.8,2.72314
0.82,2.74314
0.84,2.78786
0.86,2.87068
0.88,3.01512
0.9,3.26424
0.91,3.45084
0.92,3.69788
0.93,4.02554
0.94,4.45839
0.95,5.02152
0.96,5.72747
0.97,6.50826
0.98,7.36364
0.99,7.96906
1,8.15305
1.01,7.86968
1.02,7.26724
1.02842,6.66985
1.0325,6.3799
1.03567,6.16253
1.04,5.86561
1.05,5.27154
1.05764,4.89671
1.06,4.78082
1.0651,4.57801
1.07,4.38308
1.08,4.06184
1.09,3.80151
1.1,3.58879
1.11,3.41401
1.12,3.26776
1.13,3.1451
1.14,3.04224
1.15,2.95484
1.16,2.88013
1.17,2.8174
1.18,2.76443
1.19,2.72204
1.19142,2.71731
1.2,2.68873
1.21,2.66696
1.22,2.65805
1.23,2.66756
1.24,2.6988
1.24256,2.71663
1.25,2.76845
1.26,2.89917
1.27,3.1374
1.28,3.57332
1.285,3.91308
1.29,4.36666
1.295,4.94821
1.2959,5.06936
1.30125,5.79343
1.305,6.28574
1.31,6.69748
1.315,6.68004
1.32,6.26527
1.33,5.03878
1.34,4.07384
1.35,3.4683
1.35152,3.41086
1.36,3.09084
1.36099,3.06648
1.37,2.8444
1.37059,2.83439
1.38,2.67442
1.39,2.55108
1.4,2.45751
1.45,2.19427
1.5,2.05702
1.50122,2.05469
1.51181,2.03444
1.55,1.96141
1.6,1.89033
1.62,1.88048
1.62151,1.88386
1.63,1.90291
1.64,2.06964
1.642,2.18874
1.643,2.28473
1.644,2.42403
1.64475,2.57853
1.645,2.63423
1.64587,2.92052
1.646,2.96811
1.64625,3.1006
1.64694,3.48618
1.647,3.52994
1.64713,3.64101
1.64794,4.44319
1.648,4.51553
1.64813,4.68865
1.64844,5.15984
1.64856,5.37399
1.64887,5.97331
1.649,6.22317
1.6495,7.33492
1.64994,8.24983
1.65,8.35948
1.65013,8.52255
1.65044,8.84807
1.65053,8.88449
1.65062,8.85579
1.65094,8.67158
1.65103,8.56755
1.65119,8.29707
1.6515,7.70326
1.652,6.59161
1.65225,6.11782
1.65294,4.85472
1.65303,4.71169
1.65313,4.59885
1.65394,3.72084
1.654,3.66305
1.65412,3.57343
1.65494,3.07713
1.65506,3.01616
1.65575,2.76457
1.656,2.6777
1.65675,2.5025
1.657,2.44763
1.658,2.29514
1.659,2.18945
1.66,2.11374
1.665,1.92987
1.67,1.86139
1.675,1.82658
1.6835,1.79305
1.685,1.78951
1.686,1.80798
1.687,1.85522
1.688,1.91377
1.689,1.9636
1.69,1.98307
1.691,1.95805
1.694,1.78907
1.695,1.76621
1.73213,1.70403
1.76,1.66069
1.78,1.62479
1.8,1.57935
1.82,1.57036
1.822,1.60633
1.824,1.6847
1.8255,1.81065
1.826,1.85639
1.8265,1.94968
1.82794,2.22942
1.828,2.24657
1.82812,2.29335
1.82987,3.04329
1.83,3.10325
1.83025,3.25898
1.83187,4.30645
1.832,4.37813
1.8325,4.5618
1.83294,4.71093
1.83306,4.72779
1.83375,4.67675
1.834,4.64824
1.8345,4.4766
1.835,4.29434
1.836,3.86997
1.837,3.48795
1.838,3.17846
1.839,2.93634
1.84,2.74841
1.842,2.48423
1.844,2.31364
1.846,2.19812
1.848,2.11664
1.85,2.05713
1.852,2.01287
1.85229,2.00802
1.854,1.97942
1.856,1.9541
1.859,1.9284
1.86,1.92172
1.865,1.90675
1.86536,1.90744
1.87,1.91637
1.875,1.95353
1.88,2.02876
1.885,2.16215
1.89,2.38387
1.895,2.71305
1.9,3.06463
1.905,3.18029
1.91,2.95871
1.915,2.62526
1.92,2.34821
1.925,2.15218
1.93,2.01705
1.935,1.92196
1.94,1.85294
1.95,1.76041
1.96,1.70135
1.97,1.65953
1.98,1.62762
1.995,1.59065
2,1.57962
2.05,1.49521
2.1,1.42209
2.15,1.33898
2.2,1.22056
2.22,1.15216
2.24,1.06245
2.26,0.941467
2.28,0.777265
2.3,0.563317
2.30875,0.458022
2.31575,0.373252
2.321,0.311622
2.324,0.278301
2.327,0.246831
2.329,0.2271
2.331,0.208532
2.333,0.191258
2.3345,0.17926
2.336,0.168044
2.3375,0.157795
2.339,0.148415
2.3405,0.14009
2.3415,0.13508
2.3425,0.130535
2.3435,0.126455
2.3445,0.12285
2.3455,0.119735
2.3465,0.11711
2.3475,0.114975
2.3485,0.11333
2.3495,0.112185
2.3505,0.11154
2.351,0.111357
2.352,0.111447
2.353,0.112038
2.35394,0.113085
2.35417,0.113345
2.35536,0.115358
2.357,0.119212
2.358,0.122176
2.359,0.125595
2.36,0.129445
2.3615,0.136075
2.363,0.143554
2.3645,0.15198
2.366,0.161178
2.368,0.174692
2.37,0.189473
2.375,0.231105
2.38,0.277798
2.4,0.480777
2.41,0.575563
2.42,0.659739
2.43,0.732341
2.43424,0.75843
2.44,0.793875
2.45,0.84551
2.45129,0.851073
2.46,0.888605
2.46858,0.919411
2.47,0.924499
2.48,0.954352
2.49,0.979205
2.5,0.999893
2.52,1.03148
2.53873,1.052
2.54,1.05339
2.55651,1.06586
2.56,1.06849
2.57455,1.07591
2.58,1.07869
2.6,1.08539
2.64953,1.09253
2.65,1.09259
2.67464,1.09274
2.68729,1.09282
2.69364,1.09286
2.69682,1.09288
2.69821,1.09289
2.6994,1.09289
2.7,1.0929
2.70155,1.09285
2.70305,1.0928
2.7045,1.09275
2.70591,1.09271
2.70728,1.09267
2.70925,1.0926
2.71114,1.09254
2.71293,1.09249
2.71464,1.09243
2.71627,1.09238
2.71784,1.09233
2.71932,1.09228
2.72074,1.09224
2.72256,1.09218
2.72294,1.09217
2.72427,1.09212
2.72587,1.09207
2.72737,1.09202
2.72878,1.09198
2.73074,1.09192
2.7325,1.09186
2.73412,1.09181
2.73511,1.09178
2.73697,1.09172
2.73859,1.09167
2.74002,1.09162
2.74181,1.09156
2.74331,1.09152
2.74498,1.09146
2.74623,1.09142
2.74812,1.09136
2.75,1.0913
2.7523,1.09133
2.75451,1.09137
2.7566,1.09139
2.75861,1.09142
2.76051,1.09145
2.76234,1.09148
2.76408,1.0915
2.76574,1.09152
2.76787,1.09155
2.76987,1.09158
2.77174,1.09161
2.7735,1.09163
2.77515,1.09166
2.77744,1.09169
2.77951,1.09172
2.7814,1.09174
2.78365,1.09178
2.78569,1.0918
2.78747,1.09183
2.78976,1.09186
2.79104,1.09188
2.79328,1.09191
2.79559,1.09194
2.79716,1.09197
2.79905,1.09199
2.8,1.09201
2.8023,1.0924
2.80451,1.09278
2.8066,1.09314
2.80861,1.09349
2.81118,1.09393
2.81359,1.09434
2.81585,1.09473
2.81797,1.0951
2.81996,1.09544
2.82183,1.09576
2.82441,1.09621
2.82677,1.09661
2.82889,1.09698
2.83085,1.09731
2.83323,1.09772
2.83532,1.09808
2.83801,1.09855
2.84016,1.09892
2.84196,1.09923
2.84397,1.09957
2.84612,1.09994
2.84871,1.10039
2.85,1.10061
2.8523,1.10183
2.85451,1.103
2.85733,1.10449
2.85998,1.10589
2.86246,1.10721
2.86479,1.10844
2.865,1.10855
2.86698,1.11001
2.87,1.11224
2.87003,1.1123
2.87277,1.11741
2.87528,1.1221
2.87682,1.12497
2.87971,1.13036
2.88,1.13091
2.882,1.14024
2.88224,1.14222
2.884,1.15702
2.88445,1.16591
2.886,1.19643
2.88687,1.2386
2.887,1.24807
2.88719,1.27207
2.88724,1.27974
2.88791,1.3798
2.888,1.39999
2.8881,1.43047
2.8882,1.47102
2.8883,1.52228
2.88838,1.56907
2.88845,1.62615
2.8885,1.67199
2.88855,1.72561
2.8886,1.7885
2.88865,1.86238
2.8887,1.94915
2.88875,2.05054
2.8888,2.16736
2.88885,2.29826
2.88895,2.57524
2.88899,2.66623
2.88901,2.71605
2.88904,2.75375
2.88906,2.77651
2.88908,2.7823
2.8891,2.7775
2.88913,2.75376
2.88915,2.70988
2.88917,2.64652
2.8892,2.56536
2.88923,2.46904
2.88926,2.30355
2.88935,1.88557
2.88937,1.77314
2.8894,1.66824
2.88943,1.57219
2.88945,1.48565
2.88948,1.40877
2.8895,1.3413
2.88952,1.28267
2.88955,1.23215
2.88957,1.19051
2.88958,1.1889
2.8896,1.15208
2.88963,1.12087
2.88966,1.08293
2.8897,1.0537
2.88974,1.03133
2.88978,1.01434
2.88983,0.998014
2.88987,0.986857
2.88995,0.976469
2.89003,0.971078
2.89011,0.969909
2.8905,0.978151
2.891,0.998122
2.892,1.02782
2.89218,1.03042
2.894,1.05721
2.89413,1.05815
2.896,1.07149
2.89706,1.07557
2.899,1.083
2.9,1.08583
2.9031,1.08901
2.90601,1.09199
2.90874,1.09479
2.9113,1.09742
2.91371,1.09989
2.91702,1.10328
2.92006,1.10641
2.9228,1.10921
2.92531,1.11179
2.92838,1.11494
2.93108,1.11771
2.93344,1.12012
2.93647,1.12323
2.93963,1.12648
2.94222,1.12914
2.945,1.13198
2.9475,1.13455
2.95,1.13712
2.9531,1.14143
2.95601,1.14548
2.95874,1.14928
2.9625,1.15452
2.96596,1.15934
2.96907,1.16367
2.97193,1.16764
2.97542,1.17251
2.97848,1.17677
2.98234,1.18214
2.98557,1.18663
2.98917,1.19165
2.99289,1.19683
2.99543,1.20036
2.99847,1.20461
3,1.20673
3.00155,1.21398
3.00456,1.22803
3.005,1.23011
3.0055,1.2377
3.006,1.25197
3.0062,1.26222
3.0064,1.27904
3.0065,1.29232
3.0066,1.31262
3.00668,1.33681
3.00673,1.36135
3.00676,1.38765
3.00679,1.41092
3.00681,1.44048
3.00684,1.4781
3.00686,1.52557
3.00689,1.58432
3.00691,1.65486
3.00694,1.736
3.007,1.95544
3.00702,2.0124
3.00704,2.05789
3.00706,2.0879
3.00707,2.09766
3.00708,2.09918
3.00709,2.09523
3.0071,2.08181
3.00711,2.05904
3.00712,2.02736
3.00714,1.9649
3.00716,1.88788
3.00719,1.77061
3.00723,1.55802
3.00725,1.47505
3.00727,1.40116
3.00729,1.33779
3.00731,1.28536
3.00732,1.24345
3.00734,1.21109
3.00736,1.18694
3.00738,1.1747
3.00738,1.17415
3.0074,1.1576
3.00743,1.14786
3.00746,1.1419
3.00748,1.14126
3.0076,1.14888
3.0078,1.16415
3.008,1.17432
3.0084,1.18656
3.009,1.19651
3.01,1.20531
3.0113,1.21012
3.01484,1.22315
3.015,1.22376
3.01808,1.23155
3.02193,1.24129
3.02542,1.25013
3.02848,1.25788
3.03242,1.26783
3.03461,1.27338
3.03845,1.2831
3.04,1.28702
3.04241,1.29438
3.04512,1.30262
3.04837,1.31253
3.05,1.31748
3.0531,1.32693
3.055,1.33271
3.05738,1.34052
3.06,1.34914
3.0613,1.35422
3.06484,1.36798
3.06808,1.38062
3.07205,1.3961
3.07553,1.40965
3.08,1.42706
3.08,1.42708
3.08359,1.44449
3.08659,1.45909
3.08994,1.47536
3.09353,1.49281
3.09784,1.51378
3.1,1.52428
3.10249,1.53922
3.10686,1.56541
3.11137,1.59246
3.11445,1.61092
3.11815,1.6331
3.12,1.6442
3.12249,1.66235
3.12686,1.69415
3.13137,1.72699
3.1363,1.76287
3.14,1.78982
3.14249,1.81135
3.14686,1.84906
3.15155,1.88953
3.15577,1.92601
3.16,1.96253
3.165,2.01146
3.17,2.06046
3.175,2.10938
3.175,2.10942
3.18,2.16232
3.18437,2.20856
3.18812,2.24825
3.19,2.26811
3.1925,2.298
3.19437,2.32043
3.19718,2.3541
3.2,2.3878
3.201,2.39977
3.202,2.41612
3.203,2.43246
3.204,2.44881
3.2045,2.45699
3.205,2.46897
3.206,2.49293
3.207,2.52806
3.208,2.58422
3.20887,2.67491
3.209,2.69369
3.20925,2.75395
3.20988,2.92271
3.21,2.96926
3.21012,3.03656
3.21038,3.19907
3.21047,3.27377
3.2105,3.30562
3.21056,3.36936
3.21069,3.52356
3.21091,3.81655
3.211,3.95994
3.2111,4.1396
3.2112,4.34336
3.2113,4.55648
3.2114,4.76952
3.2115,4.9581
3.21158,5.07181
3.2116,5.09857
3.21165,5.15205
3.2117,5.17867
3.21172,5.19197
3.21175,5.19557
3.2118,5.18293
3.21182,5.1766
3.2119,5.11448
3.21198,5.01422
3.212,4.97095
3.21205,4.88443
3.2122,4.57844
3.2124,4.15751
3.2125,3.96572
3.2126,3.79314
3.2127,3.64129
3.2128,3.50908
3.2129,3.395
3.213,3.29673
3.21315,3.1746
3.2132,3.14203
3.2133,3.07691
3.2134,3.02453
3.21345,2.99834
3.2136,2.93472
3.2138,2.86757
3.214,2.81565
3.2142,2.77724
3.2143,2.75804
3.2144,2.74478
3.2146,2.71828
3.2148,2.69897
3.215,2.67967
3.216,2.63049
3.217,2.61093
3.218,2.60479
3.219,2.60732
3.22,2.60985
3.22025,2.61049
3.222,2.62363
3.224,2.63867
3.226,2.65749
3.228,2.67632
3.23,2.69515
3.235,2.74222
3.24,2.7893
3.244,2.82696
3.245,2.83638
3.25,2.87733
3.26,2.95923
3.26688,3.00607
3.27,3.02728
3.28,3.08301
3.285,3.10313
3.295,3.14337
3.31,3.17774
3.327,3.19008
3.328,3.18935
3.349,3.17415
3.35,3.17253
3.37,3.14004
3.38525,3.11526
3.4005,3.08789
3.41,3.07651
3.42,3.06454
3.43,3.05261
3.435,3.0566
3.43563,3.05719
3.436,3.06004
3.437,3.06794
3.4375,3.07225
3.438,3.0885
3.43831,3.12094
3.43841,3.14365
3.43847,3.17471
3.4385,3.19998
3.43853,3.22852
3.43859,3.30507
3.43869,3.44374
3.43887,3.73703
3.43897,3.86053
3.439,3.8912
3.43903,3.91608
3.43913,3.95923
3.43931,3.99554
3.43942,4.00054
3.4395,3.98415
3.44,3.64311
3.44006,3.6335
3.44012,3.63701
3.44031,3.68027
3.44044,3.72421
3.4405,3.76026
3.44053,3.7785
3.44062,3.85495
3.44081,4.03698
3.44091,4.13938
3.441,4.26652
3.44109,4.42927
3.44125,4.74704
3.4415,5.26169
3.44158,5.39485
3.4416,5.42941
3.44165,5.49843
3.4417,5.5389
3.44173,5.55905
3.44178,5.57095
3.4418,5.56489
3.44182,5.55875
3.44187,5.52294
3.4419,5.49183
3.44195,5.42947
3.442,5.34144
3.44203,5.28636
3.44213,5.08949
3.44237,4.53026
3.44247,4.34049
3.4425,4.28809
3.44256,4.18348
3.44269,4.01641
3.44291,3.76014
3.443,3.66917
3.44309,3.59983
3.44331,3.4808
3.4435,3.39522
3.44369,3.33813
3.444,3.26498
3.44438,3.2098
3.4445,3.19721
3.44475,3.17209
3.445,3.15418
3.45,3.05524
3.455,3.03841
3.46,3.03272
3.465,3.02704
3.47,3.02137
3.47938,3.01861
3.48,3.01843
3.5,3.01255
3.50393,3.01415
3.52,3.0207
3.5399,3.02882
3.54,3.02889
3.56,3.04298
3.57,3.05003
3.58,3.05708
3.59,3.06414
3.6,3.0712
3.61,3.07827
3.62,3.08079
3.63,3.08332
3.64,3.08159
3.642,3.08125
3.644,3.08092
3.645,3.0808
3.6452,3.0808
3.6454,3.08082
3.6456,3.08088
3.6458,3.08105
3.646,3.08164
3.6462,3.08495
3.6463,3.09155
3.6464,3.09804
3.6466,3.08267
3.6468,3.08084
3.647,3.08026
3.6472,3.07993
3.6474,3.07967
3.6476,3.07945
3.6478,3.07925
3.648,3.07905
3.649,3.07811
3.65,3.0772
3.653,3.07449
3.665,3.06367
3.675,3.05467
3.6782,3.05179
3.685,3.04206
3.695,3.02775
3.7,3.0206
3.71,3.00632
3.715,2.99919
3.72,2.99436
3.73,3.00264
3.74,3.0702
3.745,3.1708
3.75,3.40225
3.75375,3.83672
3.755,3.98936
3.75625,4.32291
3.76,5.34471
3.761,5.63008
3.762,5.82711
3.76275,5.87583
3.763,5.88312
3.76375,5.81294
3.764,5.78157
3.765,5.55015
3.766,5.24309
3.7675,4.75715
3.768,4.6019
3.769,4.32367
3.77,4.08607
3.772,3.71949
3.774,3.46457
3.776,3.2855
3.778,3.15598
3.78,3.05992
3.785,2.90257
3.79,2.80694
3.795,2.7408
3.8,2.69016
3.81,2.61236
3.82,2.55021
3.83,2.49595
3.84,2.44887
3.85,2.40186
3.86,2.36203
3.87,2.32229
3.88,2.29044
3.89,2.25871
3.895,2.24291
3.9,2.23124
3.92,2.185
3.94,2.15379
3.96,2.12924
3.97,2.1177
3.98,2.10308
3.99,2.08965
4,2.0745
4.01,2.02173
4.02,1.93937
4.03,1.81897
4.04,1.66213
4.05,1.4909
4.06,1.34238
4.07,1.24172
4.08,1.18671
4.09,1.16201
4.1,1.1546
4.11,1.16077
4.12,1.18683
4.13,1.24749
4.14,1.36294
4.15,1.54814
4.16,1.78881
4.1625,1.84835
4.165,1.90932
4.17,2.01942
4.17444,2.09875
4.175,2.10879
4.18,2.17186
4.185,2.20718
4.19,2.21691
4.195,2.20498
4.2,2.17642
4.20389,2.14482
4.205,2.13575
4.21,2.08656
4.215,2.03016
4.22,1.9741
4.225,1.9132
4.23,1.85272
4.235,1.79269
4.24,1.73313
4.245,1.67406
4.25,1.6155
4.255,1.55748
4.26,1.50329
4.265,1.4542
4.27,1.41434
4.275,1.39166
4.28,1.39989
4.285,1.46024
4.29,1.59724
4.295,1.81931
4.3,2.10096
4.30125,2.17147
4.305,2.38669
4.31,2.63685
4.315,2.82733
4.32,2.94917
4.322,2.97607
4.323,2.98927
4.325,3.00109
4.326,3.00676
4.328,3.00723
4.33,2.99747
4.33063,2.99438
4.335,2.95445
4.34,2.88338
4.345,2.79685
4.35,2.71116
4.355,2.62632
4.36,2.54228
4.37,2.39452
4.38,2.27022
4.39,2.16649
4.4,2.08002
4.41,2.00827
4.41505,1.97882
4.42,1.9499
4.43,1.90495
4.44,1.87669
4.445,1.87115
4.44619,1.8716
4.4475,1.87211
4.45,1.87472
4.455,1.88283
4.46,1.88554
4.462,1.86895
4.464,1.82378
4.466,1.73315
4.468,1.59583
4.47,1.44993
4.4715,1.36882
4.472,1.34384
4.47425,1.29642
4.475,1.28222
4.48,1.29625
4.485,1.32624
4.49,1.34418
4.495,1.35087
4.5,1.34954
4.505,1.34219
4.50562,1.34137
4.51,1.33134
4.515,1.321
4.52,1.31776
4.521,1.32196
4.522,1.32649
4.52225,1.32773
4.523,1.33572
4.5235,1.34134
4.524,1.34867
4.525,1.37064
4.526,1.40451
4.527,1.45658
4.52775,1.51513
4.528,1.53692
4.52875,1.62687
4.529,1.66025
4.5295,1.75
4.52987,1.82015
4.53,1.8463
4.5305,1.97595
4.531,2.11278
4.5315,2.2792
4.532,2.44862
4.53288,2.73984
4.533,2.77654
4.53325,2.83018
4.53387,2.94728
4.534,2.96099
4.53406,2.96699
4.53422,2.96787
4.53487,2.95285
4.535,2.94478
4.53525,2.90974
4.536,2.78288
4.537,2.57786
4.5375,2.47726
4.538,2.38103
4.539,2.21856
4.54,2.08951
4.54375,1.82304
4.545,1.73699
4.55,1.59329
4.555,1.51762
4.56,1.46974
4.565,1.43574
4.57,1.40957
4.575,1.38849
4.58,1.37234
4.585,1.35707
4.59,1.34834
4.591,1.34721
4.592,1.34647
4.593,1.34625
4.594,1.34776
4.595,1.35037
4.596,1.3546
4.597,1.36125
4.598,1.3714
4.599,1.38608
4.59975,1.40083
4.6,1.40734
4.60112,1.4349
4.6015,1.43923
4.602,1.43857
4.6025,1.43117
4.6035,1.40431
4.6045,1.37658
4.60456,1.37515
4.605,1.36455
4.61,1.31961
4.615,1.3117
4.62,1.31976
4.625,1.35429
4.626,1.36857
4.627,1.38385
4.628,1.40627
4.6285,1.41835
4.629,1.43338
4.6295,1.44959
4.63,1.46765
4.631,1.51407
4.632,1.57539
4.633,1.65689
4.634,1.7636
4.635,1.89768
4.636,2.04865
4.637,2.17997
4.63704,2.18224
4.63775,2.222
4.638,2.23103
4.63825,2.21801
4.63875,2.18388
4.639,2.16392
4.64,2.01179
4.64484,1.42422
4.645,1.40806
4.64531,1.39536
4.65,1.25229
4.655,1.19949
4.66,1.17293
4.665,1.15532
4.67,1.14242
4.675,1.13017
4.68,1.11828
4.685,1.10827
4.69,1.09841
4.695,1.08864
4.7,1.07895
4.71,1.05973
4.72,1.04067
4.725,1.03121
4.73,1.02263
4.74,1.00563
4.745,0.997231
4.75,0.990549
4.755,0.983959
4.76,0.977449
4.765,0.974134
4.77,0.970942
4.775,0.971367
4.78,0.975568
4.785,0.985067
4.79,1.00198
4.795,1.02931
4.8,1.07125
4.805,1.13299
4.81,1.2208
4.815,1.34022
4.82,1.49157
4.825,1.66283
4.82875,1.7907
4.83,1.83257
4.832,1.89052
4.834,1.93964
4.836,1.97853
4.838,2.00598
4.84,2.02192
4.842,2.02678
4.845,2.01561
4.85,1.95979
4.855,1.87823
4.86,1.79019
4.8625,1.74652
4.87,1.62079
4.88,1.48574
4.89,1.38163
4.9,1.30043
4.91,1.23592
4.92,1.18346
4.93,1.14022
4.93866,1.10896
4.94,1.10414
4.95,1.07428
4.96,1.04996
4.97,1.03171
4.9735,1.02762
4.98,1.02003
4.99,1.01685
5,1.02441
5.01,1.04618
5.02,1.08594
5.03,1.14785
5.04,1.23295
5.05,1.33779
5.06,1.44903
5.07,1.55113
5.08,1.63775
5.09,1.71398
5.1,1.80956
5.102,1.83769
5.103,1.85196
5.104,1.86947
5.106,1.90497
5.108,1.94955
5.11,2.00332
5.112,2.06852
5.114,2.14801
5.115,2.19555
5.1155,2.21949
5.116,2.24675
5.117,2.30162
5.118,2.36544
5.1185,2.39756
5.119,2.4338
5.12,2.50671
5.121,2.58969
5.1215,2.6314
5.122,2.67783
5.123,2.7711
5.125,2.96958
5.1255,3.01933
5.127,3.1685
5.1275,3.21806
5.128,3.26193
5.1285,3.30551
5.129,3.34242
5.1295,3.3789
5.13,3.41045
5.131,3.45428
5.132,3.47341
5.133,3.46584
5.134,3.43193
5.135,3.37376
5.136,3.29494
5.137,3.20022
5.138,3.09081
5.142,2.65142
5.144,2.45294
5.146,2.2814
5.148,2.13635
5.15,2.01538
5.155,1.79231
5.16,1.64583
5.165,1.54469
5.17,1.47132
5.18,1.37094
5.19,1.30343
5.2,1.25319
5.21,1.21314
5.22,1.17962
5.23,1.15055
5.24,1.12602
5.25,1.10179
5.26,1.08218
5.27,1.06275
5.275,1.05309
5.28,1.04513
5.29,1.02927
5.3,1.02139
5.3075,1.11563
5.31,1.14556
5.3125,1.09727
5.31875,0.972269
5.32,0.94866
5.3275,0.977625
5.32984,0.987559
5.33,0.990924
5.33023,1.0035
5.33438,1.27974
5.33984,1.64403
5.34,1.64989
5.34023,1.64671
5.34984,1.30627
5.35,1.29971
5.355,1.09133
5.36,1.01876
5.365,0.9813
5.366,0.974921
5.367,0.96936
5.368,0.965072
5.369,0.962821
5.37,0.963922
5.371,0.970511
5.372,0.989748
5.373,1.02866
5.374,1.07775
5.375,1.10133
5.3775,1.0613
5.38,1.01914
5.385,0.982947
5.39,0.965688
5.395,0.955547
5.3975,0.950847
5.4,0.947739
5.41,0.936107
5.42,0.929312
5.43,0.926477
5.435,0.925101
5.44,0.924661
5.45,0.926715
5.46,0.932058
5.47,0.941203
5.48,0.954761
5.49,0.973554
5.5,0.998488
5.51,1.03052
5.52,1.07089
5.53,1.12053
5.54,1.18017
5.55,1.24982
5.56,1.32879
5.57,1.41607
5.58,1.50351
5.59,1.59232
5.6,1.67244
5.6075,1.72342
5.61,1.73754
5.615,1.76582
5.62,1.78606
5.6225,1.7962
5.63,1.81649
5.635,1.82196
5.6373,1.82449
5.63954,1.8255
5.6398,1.82562
5.64,1.82546
5.64184,1.82406
5.645,1.82166
5.6475,1.81982
5.65,1.81602
5.655,1.80862
5.66,1.79568
5.665,1.7833
5.67,1.76721
5.675,1.75311
5.678,1.74664
5.68,1.74026
5.685,1.72483
5.69,1.69536
5.695,1.65696
5.7,1.62788
5.705,1.60286
5.71,1.57963
5.715,1.55718
5.72,1.5351
5.725,1.51319
5.73,1.49139
5.735,1.47184
5.74,1.45233
5.75,1.41337
5.755,1.39617
5.765,1.36176
5.77,1.34459
5.775,1.32963
5.78,1.31468
5.79,1.28483
5.795,1.27196
5.8,1.25908
5.81,1.2334
5.815,1.22262
5.82,1.21187
5.825,1.20115
5.83,1.19047
5.835,1.18188
5.84,1.17335
5.845,1.16489
5.85,1.15851
5.855,1.15224
5.86,1.14922
5.865,1.14639
5.8675,1.14511
5.87,1.14498
5.875,1.14783
5.88,1.1551
5.88402,1.16595
5.885,1.16861
5.89,1.19174
5.895,1.22962
5.9,1.29183
5.905,1.39426
5.908,1.48439
5.91,1.56587
5.912,1.66404
5.915,1.84683
5.916,1.91834
5.917,1.99678
5.91875,2.13493
5.919,2.15511
5.92,2.23593
5.921,2.31639
5.922,2.38858
5.923,2.45029
5.924,2.49782
5.925,2.52788
5.926,2.53816
5.927,2.52762
5.928,2.49737
5.929,2.44929
5.93,2.38634
5.935,1.98142
5.94,1.62703
5.945,1.38616
5.95,1.22605
5.955,1.11378
5.96,1.0281
5.965,0.956447
5.97,0.891928
5.9725,0.860199
5.975,0.829268
5.98,0.777221
5.982,0.766763
5.98387,0.7707
5.984,0.771937
5.98462,0.77806
5.985,0.782892
5.98575,0.798003
5.986,0.804217
5.98775,0.872716
5.988,0.884442
5.9885,0.919137
5.9895,0.992256
5.99,1.03062
5.9905,1.08149
5.992,1.23989
5.994,1.4621
5.995,1.55395
5.996,1.62309
5.997,1.66801
5.998,1.69054
5.999,1.69496
6,1.68596
6.001,1.66779
6.002,1.64247
6.003,1.61723
6.004,1.58989
6.006,1.5353
6.007,1.50803
6.009,1.45945
6.011,1.41652
6.012,1.39665
6.015,1.34569
6.016,1.33172
6.018,1.30374
6.02,1.28001
6.025,1.23131
6.03,1.19396
6.035,1.16474
6.04,1.1418
6.045,1.12371
6.05,1.11086
6.052,1.10591
6.055,1.1024
6.058,1.09953
6.06,1.10013
6.061,1.10073
6.062,1.10267
6.064,1.10719
6.066,1.11736
6.0675,1.12624
6.068,1.1313
6.07,1.15449
6.071,1.17277
6.0715,1.18282
6.072,1.19509
6.0725,1.20866
6.073,1.22471
6.0735,1.2426
6.074,1.26227
6.075,1.31283
6.076,1.37775
6.077,1.45525
6.078,1.53992
6.07875,1.58857
6.079,1.60227
6.07975,1.60901
6.08,1.60729
6.08003,1.60582
6.0805,1.56774
6.082,1.43929
6.084,1.2423
6.08475,1.19005
6.085,1.17411
6.086,1.12591
6.088,1.06502
6.09,1.03082
6.092,1.0104
6.094,0.997955
6.096,0.987712
6.098,0.981517
6.1,0.976262
6.102,0.971655
6.104,0.967512
6.106,0.963712
6.108,0.960951
6.11,0.958391
6.115,0.952617
6.12,0.947445
6.125,0.942659
6.13,0.93814
6.14,0.931498
6.15,0.925258
6.16,0.921416
6.17,0.917575
6.175,0.915533
6.18,0.914761
6.19,0.912834
6.2,0.910405
6.21,0.909694
6.22,0.908409
6.225,0.907568
6.23,0.906605
6.24,0.904385
6.25,0.902695
6.26,0.896259
6.27,0.894139
6.27217,0.893292
6.2722,0.893281
6.27225,0.893255
6.275,0.893757
6.28,0.89354
6.29,0.894579
6.3,0.896197
6.302,0.896342
6.304,0.896711
6.306,0.897613
6.308,0.898942
6.31,0.90027
6.314,0.902383
6.316,0.90477
6.318,0.907212
6.322,0.912096
6.324,0.91587
6.325,0.917636
6.328,0.922936
6.33,0.926771
6.332,0.931041
6.336,0.94004
6.338,0.944539
6.34,0.949182
6.342,0.954242
6.344,0.95969
6.346,0.965138
6.352,0.986682
6.354,0.996946
6.356,1.00735
6.358,1.01826
6.359,1.02419
6.36,1.0307
6.362,1.04473
6.364,1.05876
6.366,1.07603
6.368,1.09302
6.37,1.11159
6.372,1.13106
6.375,1.16153
6.376,1.17172
6.378,1.19573
6.38,1.22427
6.382,1.25387
6.384,1.2867
6.388,1.34933
6.391,1.39432
6.392,1.40799
6.394,1.42783
6.3955,1.44271
6.396,1.44636
6.398,1.45566
6.4,1.45947
6.401,1.46112
6.402,1.46158
6.404,1.45376
6.405,1.44428
6.406,1.43071
6.408,1.39544
6.41,1.35165
6.412,1.30595
6.414,1.26308
6.416,1.21902
6.418,1.17881
6.42,1.1417
6.422,1.10786
6.425,1.05711
6.426,1.04128
6.428,1.00981
6.43,0.980349
6.43088,0.967092
6.431,0.96537
6.432,0.952007
6.434,0.924461
6.436,0.898979
6.438,0.874476
6.439,0.862445
6.44,0.851571
6.442,0.830242
6.444,0.812428
6.446,0.797444
6.448,0.782839
6.45,0.770538
6.4516,0.760921
6.4521,0.758378
6.45215,0.758158
6.454,0.749274
6.456,0.739928
6.458,0.730933
6.46,0.722277
6.462,0.713951
6.464,0.705956
6.466,0.698949
6.468,0.692249
6.47,0.68585
6.472,0.679743
6.475,0.671112
6.478,0.663114
6.48,0.657675
6.484,0.647329
6.486,0.642401
6.488,0.63767
6.49,0.633161
6.492,0.6289
6.494,0.624911
6.496,0.622941
6.498,0.621294
6.5,0.622152
6.501,0.622695
6.502,0.62365
6.504,0.626774
6.506,0.629899
6.508,0.633023
6.5093,0.635053
6.51,0.636474
6.512,0.640533
6.514,0.644591
6.51646,0.649585
6.5166,0.649987
6.518,0.653588
6.52,0.658573
6.522,0.663558
6.524,0.668543
6.525,0.671036
6.526,0.673828
6.528,0.679431
6.53,0.685055
6.532,0.6907
6.534,0.696362
6.536,0.70204
6.538,0.708464
6.54,0.7149
6.542,0.721345
6.544,0.727799
6.546,0.73426
6.548,0.740721
6.55,0.747845
6.552,0.754907
6.554,0.76197
6.556,0.769024
6.558,0.776077
6.56,0.783119
6.562,0.790151
6.564,0.797743
6.566,0.805113
6.568,0.812467
6.57,0.819802
6.572,0.826861
6.574,0.834632
6.575,0.838509
6.576,0.842538
6.578,0.850331
6.58,0.858124
6.582,0.86559
6.584,0.873743
6.586,0.881556
6.588,0.888913
6.59,0.89627
6.592,0.903132
6.594,0.909983
6.596,0.915043
6.598,0.920102
6.6,0.925153
6.602,0.928347
6.604,0.931542
6.608,0.937916
6.61,0.941103
6.614,0.947225
6.616,0.949789
6.62,0.954904
6.622,0.957461
6.624,0.960019
6.625,0.961295
6.626,0.962626
6.628,0.965289
6.63,0.967944
6.632,0.970769
6.634,0.972776
6.636,0.974783
6.638,0.976791
6.64,0.97899
6.642,0.981189
6.644,0.981714
6.646,0.982238
6.648,0.982763
6.65,0.983288
6.652,0.985939
6.654,0.988594
6.656,0.994907
6.658,1.00123
6.66,1.00942
6.662,1.01762
6.664,1.02582
6.666,1.03684
6.668,1.05045
6.67,1.06415
6.672,1.07787
6.673,1.08473
6.674,1.09011
6.6745,1.09281
6.675,1.09452
6.67594,1.09309
6.676,1.09247
6.678,1.07289
6.68,1.0533
6.682,1.04466
6.684,1.03601
6.685,1.03169
6.686,1.02872
6.688,1.02277
6.69,1.01683
6.692,1.011
6.694,1.00664
6.696,1.00227
6.698,0.999867
6.7,0.997463
6.71,0.993334
6.72,0.997699
6.725,1.00298
6.73,1.01083
6.74,1.03148
6.75,1.05742
6.76,1.08865
6.77,1.12727
6.775,1.14932
6.78,1.17379
6.79,1.24473
6.795,1.29905
6.8,1.35988
6.805,1.42951
6.81,1.50364
6.82,1.56375
6.825,1.46342
6.83,1.34819
6.84,1.14031
6.85,1.00284
6.86,0.943559
6.875,0.893673
6.88,0.88282
6.9,0.856562
6.91875,0.8409
6.925,0.838633
6.94,0.837181
6.95,0.838459
6.96,0.843256
6.975,0.859977
6.98,0.867811
7,0.909351
7.025,0.965949
7.045,1.0078
7.055,1.0233
7.06,1.02743
7.06563,1.02642
7.075,1.0163
7.0775,1.01474
7.09,1.00711
7.1,1.00367
7.12,1.01177
7.125,1.01622
7.14,1.02843
7.15,1.04731
7.16,1.0765
7.17,1.14327
7.175,1.19717
7.18,1.27773
7.19,1.50557
7.2,1.75336
7.21,1.68695
7.22,1.56764
7.225,1.51753
7.23,1.46854
7.24,1.37951
7.25,1.31515
7.26,1.29149
7.275,1.27636
7.28,1.27186
7.3,1.27794
7.31953,1.33429
7.32109,1.34297
7.325,1.36881
7.33,1.37627
7.335,1.36696
7.3517,1.31438
7.3533,1.30813
7.36,1.28044
7.365,1.23615
7.37,1.17635
7.375,1.23591
7.38,1.29952
7.41,1.24693
7.42,1.2303
7.425,1.22419
7.475,1.15296
7.5,1.11937
7.51875,1.1302
7.525,1.12905
7.55,1.11871
7.5656,1.11888
7.5656,1.11888
7.575,1.11759
7.6,1.11066
7.6125,1.11901
7.61359,1.12018
7.625,1.13242
7.65,1.1718
7.675,1.21285
7.7,1.25489
7.725,1.29985
7.76,1.3598
7.775,1.38148
7.78,1.3886
7.825,1.44708
7.85,1.47105
7.86,1.4735
7.875,1.44886
7.88,1.42935
7.9,1.32791
7.91,1.27662
7.92,1.22453
7.925,1.19567
7.95,1.04623
7.96,0.992533
7.975,0.929441
7.98,0.912253
8,0.865396
8.01875,0.854321
8.025,0.854284
8.04,0.864359
8.06,0.895179
8.075,0.929323
8.08,0.941822
8.1,0.995728
8.125,1.07645
8.15,1.16249
8.175,1.2311
8.2,1.2834
8.225,1.32617
8.2325,1.33715
8.24,1.34734
8.25,1.35606
8.275,1.3614
8.28,1.36101
8.3,1.35361
8.32,1.34014
8.325,1.33563
8.35,1.30815
8.355,1.30274
8.375,1.27708
8.4,1.24521
8.425,1.22115
8.4375,1.21047
8.45,1.19915
8.475,1.1734
8.5,1.14676
8.52,1.13265
8.525,1.13102
8.54,1.12681
8.55,1.12656
8.5575,1.12715
8.575,1.1328
8.6,1.15659
8.62,1.18962
8.625,1.19944
8.645,1.23753
8.65,1.24759
8.675,1.30236
8.7,1.3609
8.72,1.40216
8.725,1.41028
8.74,1.42788
8.745,1.4313
8.75,1.43375
8.76,1.43396
8.775,1.42341
8.78,1.41646
8.8,1.37771
8.825,1.3194
8.875,1.20931
8.9,1.15824
8.92,1.13521
8.925,1.13591
8.9275,1.13765
8.94,1.1437
8.95,1.15053
8.96,1.17995
8.975,1.18818
8.9775,1.18934
8.9835,1.1948
8.987,1.19864
9,1.2232
9.02,1.25701
9.025,1.27455
9.04,1.33965
9.05,1.36783
9.075,1.28987
9.07969,1.27266
9.1,1.24421
9.125,1.20483
9.14,1.18187
9.175,1.13472
9.18,1.12879
9.2,1.10814
9.225,1.096
9.248,1.09074
9.274,1.09164
9.275,1.09202
9.3,1.10225
9.325,1.13106
9.35,1.16527
9.375,1.19303
9.4,1.21113
9.42362,1.19833
9.425,1.19809
9.43138,1.19637
9.4315,1.19631
9.47414,1.1997
9.475,1.19977
9.5,1.20139
9.525,1.20307
9.575,1.20656
9.58125,1.20634
9.6,1.20787
9.625,1.21935
9.65,1.23472
9.675,1.25169
9.7,1.27322
9.725,1.29142
9.74335,1.3018
9.7625,1.31263
9.775,1.31844
9.8,1.32255
9.825,1.31481
9.8625,1.29897
9.875,1.29311
9.9,1.28148
9.925,1.27519
9.95,1.28135
9.975,1.29784
10,1.31485
10.05,1.35057
10.1,1.38648
10.122,1.40025
10.15,1.41389
10.1895,1.42675
10.196,1.42886
10.202,1.43016
10.2445,1.42487
10.2445,1.42487
10.245,1.42481
10.25,1.42273
10.3,1.39869
10.35,1.36277
10.372,1.34209
10.3722,1.34192
10.4,1.31759
10.45,1.29234
10.4503,1.29221
10.465,1.28635
10.5,1.27488
10.5275,1.26732
10.528,1.26718
10.55,1.2585
10.5542,1.25688
10.5602,1.25361
10.563,1.25221
10.6,1.22735
10.65,1.21136
10.667,1.20972
10.6671,1.20973
10.6785,1.21043
10.69,1.21486
10.7,1.22526
10.71,1.2271
10.72,1.20076
10.73,1.14511
10.7487,1.18994
10.75,1.1925
10.76,1.21227
10.775,1.23756
10.78,1.24526
10.825,1.30304
10.83,1.3089
10.84,1.31626
10.85,1.31961
10.865,1.3188
10.88,1.31735
10.8989,1.32302
10.9,1.32335
10.92,1.33381
10.93,1.34723
10.94,1.37775
10.95,1.41914
10.96,1.46563
10.97,1.49537
10.995,1.50602
11,1.50908
11.009,1.52049
11.05,1.57996
11.1,1.65629
11.1301,1.68805
11.15,1.70907
11.2,1.70469
11.2086,1.70001
11.25,1.67747
11.3,1.64989
11.35,1.63159
11.4,1.62859
11.45,1.66647
11.5,1.70538
11.52,1.71874
11.55,1.73396
11.6,1.74494
11.643,1.73537
11.648,1.73326
11.65,1.73255
11.7,1.71184
11.7494,1.69943
11.75,1.70035
11.7787,1.73506
11.779,1.73543
11.7985,1.73921
11.8,1.73877
11.85,1.70508
11.9,1.67338
11.95,1.6663
11.9525,1.66586
11.97,1.66834
12,1.64868
12.0219,1.62522
12.05,1.59512
12.11,1.53342
12.15,1.49706
12.161,1.48684
12.1915,1.47838
12.2,1.47603
12.25,1.49402
12.3,1.51163
12.3375,1.52075
12.35,1.52287
12.3635,1.52411
12.45,1.53205
12.5,1.53716
12.5379,1.54032
12.55,1.54133
12.6,1.54221
12.6258,1.54005
12.65,1.53801
12.7,1.53685
12.7148,1.54277
12.7492,1.55653
12.75,1.55735
12.85,1.64163
12.8924,1.65974
12.9,1.65894
12.95,1.62955
12.9845,1.59778
13,1.58353
13.05,1.55707
13.0761,1.55961
13.1,1.56194
13.15,1.57624
13.2,1.57929
13.2247,1.57636
13.25,1.57402
13.3,1.57133
13.35,1.57826
13.4125,1.58991
13.45,1.59847
13.5,1.6098
13.55,1.6128
13.62,1.6165
13.65,1.62383
13.6743,1.63072
13.7329,1.64596
13.735,1.6465
13.74,1.6468
13.75,1.64208
13.765,1.63286
13.77,1.63081
13.785,1.63476
13.805,1.64409
13.81,1.64545
13.8298,1.6382
13.85,1.63081
13.95,1.60417
14,1.59276
14.025,1.59036
14.05,1.58867
14.125,1.59621
14.15,1.59936
14.25,1.61253
14.35,1.6269
14.425,1.6406
14.45,1.64619
14.5,1.65844
14.55,1.67362
14.5562,1.67476
14.65,1.7034
14.75,1.73274
14.85,1.75973
14.9372,1.76347
14.95,1.76402
15,1.76492
15.02,1.7639
15.0426,1.75508
15.05,1.75217
15.1,1.72106
15.15,1.68457
15.2,1.6483
15.25,1.6217
15.255,1.61906
15.3472,1.58906
15.35,1.58814
15.3921,1.5806
15.4,1.58122
15.45,1.59155
15.5,1.60167
15.55,1.61018
15.6,1.61891
15.65,1.62462
15.7,1.62624
15.75,1.62438
15.8,1.61736
15.85,1.60663
15.9,1.59479
15.9096,1.59063
15.95,1.57309
16,1.55251
16.1,1.54722
16.13,1.55014
16.156,1.55266
16.161,1.55341
16.2,1.55917
16.205,1.56022
16.212,1.56148
16.3,1.58177
16.4,1.58821
16.41,1.58758
16.5,1.56892
16.5287,1.55933
16.6,1.54426
16.615,1.54121
16.6516,1.53821
16.7,1.54067
16.7148,1.54196
16.8,1.55537
16.82,1.55869
16.9,1.57929
16.95,1.59264
17,1.60689
17.025,1.61454
17.1,1.63984
17.1845,1.65636
17.2,1.65773
17.2251,1.6605
17.23,1.66085
17.2502,1.66232
17.3,1.66217
17.4,1.6587
17.435,1.65691
17.488,1.6528
17.5,1.65182
17.6,1.64369
17.64,1.6415
17.7,1.63809
17.8,1.63519
17.845,1.63384
17.8507,1.63328
17.9,1.62841
18,1.61963
18.0044,1.61976
18.05,1.6131
18.1,1.60568
18.1338,1.60221
18.2,1.59552
18.255,1.59202
18.289,1.5897
18.3,1.58896
18.4,1.58813
18.46,1.59146
18.5,1.59519
18.5718,1.60582
18.6,1.6099
18.665,1.62674
18.7,1.6356
18.8,1.65783
18.87,1.67341
18.9,1.67978
18.954,1.6857
19,1.69074
19.075,1.68587
19.0877,1.68513
19.1,1.68443
19.2,1.67474
19.28,1.66614
19.3,1.66483
19.3005,1.66485
19.3645,1.65591
19.4,1.65098
19.401,1.651
19.485,1.63963
19.5,1.63746
19.5891,1.63453
19.6,1.63403
19.6394,1.63435
19.69,1.63474
19.7,1.63429
19.8,1.63652
19.895,1.63827
19.9,1.63826
20,1.63906
20.1,1.64901
20.1482,1.65648
20.2562,1.677
20.2597,1.67767
20.3342,1.69178
20.35,1.69407
20.42,1.6999
20.5,1.7027
20.6171,1.70462
20.65,1.70563
20.82,1.69968
20.903,1.69669
20.95,1.69505
20.9763,1.6944
20.9945,1.69395
21,1.69377
21.0816,1.69119
21.2325,1.68657
21.25,1.68603
21.4424,1.68054
21.5,1.67897
21.5011,1.67894
21.55,1.6777
21.5942,1.67771
21.6362,1.67707
21.6528,1.67682
21.725,1.67573
21.8044,1.67442
21.85,1.67367
21.895,1.67201
21.9582,1.66959
21.9695,1.66916
21.9868,1.66854
22,1.66806
22.044,1.6672
22.15,1.66648
22.2448,1.66538
22.45,1.663
22.475,1.66197
22.5,1.6622
22.75,1.65801
22.8644,1.65656
23,1.65481
23.05,1.65384
23.35,1.64912
23.5,1.64606
23.65,1.64468
23.7435,1.64286
23.95,1.64123
23.975,1.64004
24,1.63962
24.25,1.63647
24.2886,1.63538
24.4088,1.63292
24.5,1.63127
24.55,1.63074
24.5771,1.63047
24.7505,1.6295
24.85,1.62821
25,1.62791
25.075,1.62884
25.15,1.6291
25.45,1.62996
25.5,1.63058
25.75,1.63083
26,1.63154
26.05,1.63075
26.3447,1.6239
26.35,1.62377
26.5,1.62045
26.65,1.6181
26.95,1.61075
27,1.60953
27.25,1.60313
27.4755,1.59878
27.5,1.5983
27.55,1.5975
27.675,1.59554
27.85,1.59191
28,1.58984
28.15,1.58616
28.2563,1.58371
28.45,1.57925
28.5,1.57835
28.75,1.57326
29,1.5699
29.05,1.56952
29.35,1.56814
29.5,1.56695
29.575,1.56753
29.65,1.56727
29.6756,1.56724
29.7567,1.56716
29.8783,1.56704
29.9189,1.567
29.9392,1.56698
29.95,1.56697
29.9594,1.56692
29.9975,1.56672
29.9991,1.56671
29.9992,1.56671
29.9993,1.56671
29.9994,1.56671
29.9995,1.56671
29.9995,1.56671
29.9996,1.5667
29.9996,1.5667
29.9997,1.5667
29.9997,1.56669
29.9997,1.56669
29.9998,1.56669
29.9998,1.56668
29.9999,1.56668
29.9999,1.56667
30,1.56666
30,1.56666
30.0001,1.56665
30.0001,1.56664
30.0002,1.56664
30.0002,1.56664
30.0002,1.56663
30.0002,1.56663
30.0003,1.56663
30.0003,1.56663
30.0003,1.56662
30.0003,1.56662
30.0003,1.56662
30.0004,1.56662
30.0004,1.56662
30.0004,1.56662
30.0004,1.56662
30.0004,1.56661
30.0004,1.56661
30.0005,1.56661
30.0005,1.56661
30.0005,1.56661
30.0005,1.56661
30.0005,1.56661
30.0005,1.56661
30.0005,1.56661
30.0005,1.56661
30.0006,1.56661
30.0006,1.56661
30.0006,1.56661
30.0006,1.56661
30.0006,1.56661
30.0006,1.56661
30.0006,1.56661
30.0006,1.56661
30.0006,1.56661
30.0007,1.56661
30.0007,1.56661
30.0007,1.56661
30.0007,1.5666
30.0007,1.5666
30.0007,1.5666
30.0007,1.5666
30.0007,1.5666
30.0007,1.5666
30.0007,1.5666
30.0008,1.5666
30.0008,1.5666
30.0008,1.5666
30.0008,1.5666
30.0008,1.5666
30.0008,1.5666
30.0008,1.5666
30.0008,1.5666
30.0008,1.5666
30.0008,1.5666
30.0009,1.5666
30.0009,1.5666
30.0009,1.5666
30.0009,1.5666
30.0009,1.5666
30.0009,1.5666
30.0009,1.5666
30.0009,1.5666
30.0009,1.5666
30.0009,1.5666
30.0009,1.5666
30.0009,1.5666
30.0009,1.5666
30.0009,1.5666
30.001,1.5666
30.001,1.5666
30.001,1.5666
30.001,1.5666
30.001,1.5666
30.001,1.5666
30.001,1.5666
30.001,1.5666
30.001,1.5666
30.001,1.5666
30.001,1.5666
30.001,1.5666
30.001,1.5666
30.001,1.5666
30.001,1.5666
30.0011,1.5666
30.0011,1.5666
30.0011,1.5666
30.0011,1.5666
30.0011,1.5666
30.0011,1.5666
30.0011,1.5666
30.0011,1.5666
30.0011,1.5666
30.0011,1.5666
30.0011,1.5666
30.0011,1.5666
30.0011,1.5666
30.0011,1.5666
30.0011,1.5666
30.0011,1.5666
30.0012,1.5666
30.0012,1.5666
30.0012,1.5666
30.0012,1.5666
30.0012,1.5666
30.0012,1.5666
30.0012,1.5666
30.0012,1.5666
30.0012,1.5666
30.0012,1.5666
30.0012,1.5666
30.0012,1.5666
30.0012,1.5666
30.0012,1.5666
30.0012,1.5666
30.0012,1.5666
30.0013,1.5666
30.0013,1.5666
30.0013,1.5666
30.0013,1.5666
30.0013,1.5666
30.0013,1.5666
30.0013,1.5666
30.0013,1.5666
30.0013,1.5666
30.0013,1.5666
30.0013,1.5666
30.0013,1.5666
30.0013,1.5666
30.0013,1.5666
30.0013,1.5666
30.0013,1.5666
30.0013,1.5666
30.0013,1.5666
30.0014,1.5666
30.0014,1.5666
30.0014,1.5666
30.0014,1.5666
30.0014,1.5666
30.0014,1.5666
30.0014,1.5666
30.0014,1.5666
30.0014,1.5666
30.0014,1.5666
30.0014,1.5666
30.0014,1.5666
30.0014,1.5666
30.0014,1.5666
30.0014,1.5666
30.0014,1.5666
30.0014,1.5666
30.0014,1.5666
30.0014,1.5666
30.0014,1.5666
30.0014,1.5666
30.0015,1.5666
30.0015,1.5666
30.0015,1.5666
30.0015,1.5666
30.0015,1.5666
30.0015,1.5666
30.0015,1.5666
30.0015,1.5666
30.0016,1.5666
30.0017,1.5666
30.0033,1.56658
30.7079,1.56073
31.1412,1.55223
32.2257,1.53258
33.263,1.51003
34.1482,1.49267
34.8739,1.48098
35,1.47874
39.1296,1.41404
40.2822,1.39769
41,1.38516
41.5784,1.37553
43.3033,1.34354
44,1.32932
48,1.25029
50.3527,1.2051
52,1.17631
53.7477,1.14679
57.8042,1.08312
60,1.05066
61.4303,1.02854
64,0.991808
65.4585,0.970907
68,0.937225
69.4867,0.918566
71,0.900892
73.515,0.872571
77.5432,0.830609
78,0.826243
80.5643,0.802225
83.7435,0.776118
86,0.758185
87,0.749272
88,0.740754
90,0.720587
91.9136,0.702384
92,0.701559
94.6631,0.677833
95,0.675026
96,0.666971
97,0.658972
98,0.651792
100.705,0.632048
104,0.610014
106.748,0.593442
108.762,0.582328
110.776,0.572142
112.79,0.562796
116,0.548712
118,0.540889
120.846,0.530047
124.875,0.516098
128.903,0.503385
138.973,0.473886
150,0.443001